Synset ID,Lemmas,Definition,New Definition,Man,Boy,Hypernym,Hypo Definition,Hypo Lemmas,Alt Definition,Alt Lemmas,Generic Lemma,
oewn-10325469-n,"medical man, medical practitioner",someone who practices medicine,,FALSE,FALSE,,a man who practices medicine,medical man,a woman who practices medicine,medical woman,,
oewn-10709764-n,"tally clerk, tallyman",one who keeps a tally of quantity or weight of goods produced or shipped or received,,FALSE,FALSE,,a male tally clerk,tallyman,a female tally clerk,tallywoman,,
oewn-10394828-n,old boy,a former male pupil of a school,,TRUE,FALSE,,,,,,,
oewn-09859605-n,"king, power, baron, big businessman, business leader, top executive, tycoon, magnate, mogul",a very wealthy or powerful businessman,a very wealthy or powerful businessperson,FALSE,FALSE,,a very wealthy or powerful businessman,big businessman,a very wealthy or powerful businesswoman,big businesswoman,,
oewn-10020810-n,"deliverer, delivery boy, deliveryman",someone employed to make deliveries,,FALSE,FALSE,,a man employed to make deliveries,deliveryman,a woman employed to make deliveries,delierywoman,,
oewn-10302734-n,"carrier, postman, letter carrier, mail carrier, mailman",a man who delivers the mail,a person who delivers the mail,FALSE,FALSE,,a man who delivers the mail,"postman, mailman",a woman who delivers the mail,"postwoman, mailwoman",,
oewn-10027908-n,"station keeper, desk sergeant, deskman",the police sergeant on duty in a police station,,FALSE,FALSE,,a male desk sergeant,deskman,a female desk sergeant,deskwoman,,
oewn-10755916-n,uncle,a source of help and advice and encouragement,,TRUE,FALSE,,,,,,,
oewn-10678481-n,"fireman, stoker",a laborer who tends fires (as on a coal-fired train or steamship),,FALSE,FALSE,,a male laborer who tends fires (as on a coal-fired train or steamship),fireman,a female laborer who tends fires (as on a coal-fired train or steamship),firewoman,,
oewn-10074989-n,"conjure man, conjurer, conjuror",a witch doctor who practices conjury,,FALSE,FALSE,,a male witch doctor who practices conjury,conjure man,a female witch doctor who practices conjury,conjure woman,,
oewn-10283108-n,lineman,one of the players on the line of scrimmage,,TRUE,FALSE,,,,,,,
oewn-10411115-n,"pageboy, page",a boy who is employed to run errands,,FALSE,TRUE,,,,,,,
oewn-10823190-n,yeoman,in former times was free and cultivated his own land,,TRUE,FALSE,,,,,,,
oewn-10288524-n,lobsterman,a person whose occupation is catching lobsters,,FALSE,FALSE,,a male person whose occupation is catching lobsters,lobsterman,a female person whose occupation is catching lobsters,lobsterwoman,lobster worker,
oewn-10822557-n,yardman,worker in a railway yard,,FALSE,FALSE,,a male worker in a railway yard,yardman,a female worker in a railway yard,yardwoman,yard worker,
oewn-10169935-n,guardsman,a soldier who is a member of a unit called ‘the guard’ or ‘guards’,,FALSE,FALSE,,a male soldier who is a member of a unit called ‘the guard’ or ‘guards’,guardsman,a female soldier who is a member of a unit called ‘the guard’ or ‘guards’,guardswoman,guard,
oewn-10258446-n,"bachelor, bachelor-at-arms, knight bachelor",a knight of the lowest order; could display only a pennon,,TRUE,FALSE,,,,,,,
oewn-10787187-n,"warehouseman, warehouser",a workman who manages or works in a warehouse,,FALSE,FALSE,,a male workman who manages or works in a warehouse,warehouseman,a female workman who manages or works in a warehouse,warehousewoman,,
oewn-10446513-n,"photographer, lensman",someone who takes photographs professionally,,FALSE,FALSE,,a man who takes photographs professionally,lensman,a woman who takes photographs professionally,lenswoman,,
oewn-10171603-n,"gun, torpedo, shooter, gun for hire, gunman, gunslinger, hired gun, hit man, hitman, triggerman",a professional killer who uses a gun,,FALSE,FALSE,,a male professional killer who uses a gun,"gunman, hit man, hitman",a female professional killer who uses a gun,"gunwoman, hit woman, hitwoman",,
oewn-10191239-n,"herder, herdsman, drover",someone who drives a herd,,FALSE,FALSE,,a man who drives a herd,herdsman,a woman who drives a herd,herdswoman,,
oewn-10111420-n,"fireman, fire fighter, fire-eater, firefighter",a member of a fire department who tries to extinguish fires,,FALSE,FALSE,,a male member of a fire department who tries to extinguish fires,fireman,a female member of a fire department who tries to extinguish fires,firewoman,,
oewn-10431296-n,"hawker, packman, peddler, pedlar, pitchman",someone who travels about selling his wares (as on the streets or at carnivals),,FALSE,FALSE,,a man who travels about selling his wares (as on the streets or at carnivals),packman,a woman who travels about selling his wares (as on the streets or at carnivals),packwoman,,
oewn-09766660-n,"Welsh, Cambrian, Cymry, Welshman",a native or resident of Wales,,FALSE,FALSE,,a male native or resident of Wales,Welshman,a female native or resident of Wales,Welshwoman,,
oewn-10331042-n,"messenger boy, errand boy",a boy who earns money by running errands,,FALSE,TRUE,,,,,,,
oewn-10584088-n,"scribe, scribbler, penman",informal terms for journalists,,FALSE,FALSE,,informal terms for male journalists,penman,informal terms for female journalists,penwoman,,
oewn-10395389-n,old man,(slang) boss,,TRUE,FALSE,,,,,,,
oewn-09686910-n,"Injun, Redskin, red man",(slang) offensive term for Native Americans,,FALSE,FALSE,,(slang) offensive term for male Native Americans,red man,(slang) offensive term for female Native Americans,red woman,,
oewn-09946909-n,"reverend, clergyman, man of the cloth",a member of the clergy and a spiritual leader of the Christian Church,,FALSE,FALSE,,a male member of the clergy and a spiritual leader of the Christian Church,"clergyman, man of the cloth",a female member of the clergy and a spiritual leader of the Christian Church,"clergywoman, woman of the cloth",,
oewn-80620228-n,trophy husband,a husband who is an attractive young man; seldom the first husband of an affluent older woman,,FALSE,FALSE,10213586-n,,,,,,
oewn-10290913-n,"picket, lookout, watch, scout, sentinel, sentry, spotter, lookout man",a person employed to keep watch for some anticipated event,,FALSE,FALSE,,a male person employed to keep watch for some anticipated event,lookout man,a female person employed to keep watch for some anticipated event,lookout woman,,
oewn-10140190-n,"gardener, nurseryman",someone who takes care of a garden,,FALSE,FALSE,,a man who takes care of a garden,nurseryman,a woman who takes care of a garden,nurserywoman,,
oewn-09922064-n,"trooper, cavalryman",a soldier in a motorized army unit,,FALSE,FALSE,,a male soldier in a motorized army unit,cavalryman,a female soldier in a motorized army unit,cavalrywoman,,
oewn-10457465-n,plainsman,an inhabitant of a plains region (especially the Great Plains of North America),,FALSE,FALSE,,a male inhabitant of a plains region (especially the Great Plains of North America),plainsman,a female inhabitant of a plains region (especially the Great Plains of North America),plainswoman,plains inhabitant,
oewn-10673118-n,"steelmaker, steelman, steelworker",a worker engaged in making steel,,FALSE,FALSE,,a male worker engaged in making steel,steelman,a female worker engaged in making steel,steelwoman,,
oewn-10269156-n,"peace officer, law officer, lawman",an officer of the law,,FALSE,FALSE,,a male officer of the law,lawman,a female officer of the law,lawwoman,,
oewn-10467896-n,pointsman,a policeman stationed at an intersection to direct traffic,,FALSE,FALSE,80600405-n,,,a policewoman stationed at an intersection to direct traffic,pointswoman,,
oewn-10329163-n,"wise man, mentor",a wise and trusted guide and advisor,,FALSE,FALSE,,a male wise and trusted guide and advisor,wise man,a female wise and trusted guide and advisor,wise woman,,
oewn-09893070-n,"breaker, ledgeman",a quarry worker who splits off blocks of stone,,FALSE,FALSE,,a male quarry worker who splits off blocks of stone,ledgeman,a female quarry worker who splits off blocks of stone,ledgewoman,,
oewn-09896358-n,brother,a male person who is a fellow member (of a fraternity or religion or other group),,TRUE,FALSE,,,,,,,
oewn-10574739-n,"scapegoat, whipping boy",someone who is punished for the errors of others,,FALSE,FALSE,,a man who is punished for the errors of others,whipping boy,a woman who is punished for the errors of others,whipping girl,,
oewn-10394351-n,oilman,a person who owns or operates oil wells,,FALSE,FALSE,,a male person who owns or operates oil wells,oilman,a female person who owns or operates oil wells,oil woman,oil operator,
oewn-10569809-n,sandwichman,a person with advertising boards hanging from the shoulders,,FALSE,FALSE,,a male person with advertising boards hanging from the shoulders,sandwichman,a female person with advertising boards hanging from the shoulders,sandwichwoman,,
oewn-10810024-n,"woodman, woodsman",someone who lives in the woods,,FALSE,FALSE,,a man who lives in the woods,"woodman, woodsman",a woman who lives in the woods,woodswoman,,woodwoman unattested
oewn-10479599-n,"potboy, potman",a worker in an inn or public house who serves customers and does various chores,,FALSE,FALSE,,a male worker in an inn or public house who serves customers and does various chores,"potboy, potman",a female worker in an inn or public house who serves customers and does various chores,pot-girl,,
oewn-89433552-n,counterman,a male who attends a counter (as in a diner),,FALSE,FALSE,,a male male who attends a counter (as in a diner),counterman,a female male who attends a counter (as in a diner),counterwoman,counterperson,
oewn-10295742-n,"lumberjack, faller, feller, logger, lumberman",a person who fells trees,,FALSE,FALSE,,a male person who fells trees,lumberman,a female person who fells trees,lumberwoman,,
oewn-10677940-n,"stock farmer, stock raiser, stockman",farmer who breed or raises livestock,,FALSE,FALSE,,male farmer who breed or raises livestock,stockman,female farmer who breed or raises livestock,stockwoman,,
oewn-09972962-n,"henchman, partner in crime, collaborator, confederate",someone who assists in a plot,,FALSE,FALSE,,a man who assists in a plot,henchman,a woman who assists in a plot,henchwoman,,
oewn-10539477-n,remittance man,an exile living on money sent from home,,FALSE,FALSE,,a male exile living on money sent from home,remittance man,a female exile living on money sent from home,remittance woman,remittance person,
oewn-10789727-n,"security guard, watcher, watchman",a guard who keeps watch,,FALSE,FALSE,,a male guard who keeps watch,watchman,a female guard who keeps watch,watchwoman,,
oewn-10284625-n,"linkboy, linkman",(formerly) an attendant hired to carry a torch for pedestrians in dark streets,,TRUE,FALSE,,,,,,,
oewn-10110633-n,"fingerprint expert, fingerprint man, fingerprint specialist",a specialist in identifying fingerprints,,FALSE,FALSE,,a male specialist in identifying fingerprints,fingerprint man,a female specialist in identifying fingerprints,fingerprint woman,,
oewn-10717864-n,"TV newsman, TV reporter, television newscaster, television reporter",someone who reports news stories via television,,FALSE,FALSE,,a man who reports news stories via television,TV newsman,a woman who reports news stories via television,TV newswoman,,
oewn-10199158-n,"hod carrier, hodman",a laborer who carries supplies to masons or bricklayers,,FALSE,FALSE,,a male laborer who carries supplies to masons or bricklayers,hodman,,,,hodwoman is unattested
oewn-09812410-n,"anchor, anchorman, anchorperson",a television reporter who coordinates a broadcast to which several correspondents contribute,,FALSE,FALSE,,a male television reporter who coordinates a broadcast to which several correspondents contribute,anchorman,a female television reporter who coordinates a broadcast to which several correspondents contribute,anchorwoman,,
oewn-10179208-n,hangman,an executioner who hangs the condemned person,a male executioner who hangs the condemned person,TRUE,FALSE,,,,a female executioner who hangs the condemned person,hangwoman,,
oewn-09744816-n,"Norse, Norwegian, Norseman",a native or inhabitant of Norway,,FALSE,FALSE,,a male native or inhabitant of Norway,Norseman,a female native or inhabitant of Norway,Norsewoman,,
oewn-10667676-n,"backup, relief, substitute, stand-in, backup man, reliever, fill-in",someone who takes the place of another (as when things get dangerous or difficult),,FALSE,FALSE,,a man who takes the place of another (as when things get dangerous or difficult),backup man,a woman who takes the place of another (as when things get dangerous or difficult),backup woman,,
oewn-10611357-n,shop boy,a young male shop assistant,,FALSE,TRUE,,,,,,,
oewn-10524138-n,"rafter, raftman, raftsman",someone who travels by raft,,FALSE,FALSE,,a man who travels by raft,"raftman, raftsman",a woman who travels by raft,raftswoman,,raftwoman is unattested
oewn-09921470-n,"beef man, cattleman, cow man",a man who raises (or tends) cattle,,TRUE,FALSE,,,,a woman who raises (or tends) cattle,cattlewoman,,
oewn-10703076-n,"swineherd, pigman",a herder or swine,,FALSE,FALSE,,a male herder or swine,pigman,,,,
oewn-10181609-n,"iceman, hatchet man",a professional killer,a male professional killer,TRUE,FALSE,,,,,,,
oewn-10121750-n,footman,a man employed as a servant in a large establishment (as a palace) to run errands and do chores,,TRUE,FALSE,,,,,,,
oewn-10314263-n,"gob, sea dog, seafarer, seaman, old salt, Jack, Jack-tar, tar, mariner",a man who serves as a sailor,,TRUE,FALSE,,,,,,,
oewn-10224757-n,doughboy,an American infantryman in World War I,,TRUE,FALSE,,,,,,,
oewn-10718758-n,"tellurian, worldling, earthling, earthman",an inhabitant of the earth,,FALSE,FALSE,,a male inhabitant of the earth,earthman,a female inhabitant of the earth,earthwoman,,
oewn-10658757-n,"sporting man, outdoor man",someone who enjoys outdoor activities,,FALSE,FALSE,,a man who enjoys outdoor activities,"sporting man, outdoor man",a woman who enjoys outdoor activities,"sporting woman, outdoor woman",,
oewn-10462389-n,"ploughman, plower, plowman",a man who plows,,FALSE,FALSE,,a male man who plows,"ploughman, plowman",a female man who plows,"ploughwoman, plowwoman",,
oewn-10611560-n,"shopkeeper, storekeeper, tradesman, market keeper",a merchant who owns or manages a shop,,FALSE,FALSE,,a male merchant who owns or manages a shop,tradesman,a female merchant who owns or manages a shop,tradeswoman,,
oewn-09633435-n,"common man, common person, commoner",a person who holds no title,,FALSE,FALSE,,a male person who holds no title,common man,a female person who holds no title,common woman,,
oewn-09903843-n,"butcher, meatman",a retailer of meat,,FALSE,FALSE,,a male retailer of meat,meatman,,,,Not attested
oewn-10156479-n,"golf player, golfer, linksman",someone who plays the game of golf,,FALSE,FALSE,,a man who plays the game of golf,linksman,a woman who plays the game of golf,linkswoman,,
oewn-09994955-n,"crafter, craftsman",a creator of great skill in the manual arts,,FALSE,FALSE,,a male creator of great skill in the manual arts,craftsman,a female creator of great skill in the manual arts,craftswoman,,
oewn-10201076-n,homeboy,a male friend from your neighborhood or hometown,,TRUE,FALSE,,,,,,,
oewn-10776505-n,visiting fireman,an important or distinguished visitor,,FALSE,FALSE,,a male important or distinguished visitor,visiting fireman,a female important or distinguished visitor,visiting firewoman,visting firefighter,
oewn-10048793-n,"drawer, draftsman",an artist skilled at drawing,,FALSE,FALSE,,a male artist skilled at drawing,draftsman,a female artist skilled at drawing,draftswoman,,
oewn-10625393-n,"skilled worker, skilled workman, trained worker",a worker who has acquired special skills,,FALSE,FALSE,,a male worker who has acquired special skills,skilled workman,a female worker who has acquired special skills,skilled workwoman,,
oewn-10423378-n,"party liner, party man",a member of a political party who follows strictly the party line,,FALSE,FALSE,,a male member of a political party who follows strictly the party line,party man,a female member of a political party who follows strictly the party line,party woman,,
oewn-10770579-n,vice chairman,one ranking below or serving in the place of a chairman,,FALSE,FALSE,,a man ranking below or serving in the place of a chairman,vice chairman,a woman ranking below or serving in the place of a chairman,vice chairwoman,"vice chair, vice chairperson",Vice chairman is not a hyponym of chairman!
oewn-10195138-n,"highjacker, highwayman, hijacker, road agent",a holdup man who stops a vehicle and steals from it,someone stops a vehicle and steals from it,FALSE,FALSE,,a holdup man who stops a vehicle and steals from it,highwayman,a holdup woman who stops a vehicle and steals from it,highwaywoman,,
oewn-09864306-n,"beadsman, bedesman",a person who is paid to pray for the soul of another,,FALSE,FALSE,,a male person who is paid to pray for the soul of another,"beadsman, bedesman",a female person who is paid to pray for the soul of another,"beadswoman, bedeswoman",,Historical but attested as female
oewn-10141371-n,gasman,someone employed by a gas company,,FALSE,FALSE,,a man employed by a gas company,gasman,a woman employed by a gas company,gaswoman,gas worker,
oewn-10314614-n,"sharpshooter, crack shot, marksman",someone skilled in shooting,,FALSE,FALSE,,a man skilled in shooting,marksman,a woman skilled in shooting,markswoman,,
oewn-10537787-n,"fireman, relief pitcher, reliever",a pitcher who does not start the game,,FALSE,FALSE,,a male pitcher who does not start the game,fireman,a female pitcher who does not start the game,firewoman,,
oewn-09900824-n,"busboy, waiter's assistant",a restaurant attendant who sets tables and assists waiters and clears away dirty dishes,,FALSE,FALSE,,a male restaurant attendant who sets tables and assists waiters and clears away dirty dishes,busboy,,,,
oewn-10200554-n,"stickup man, holdup man",an armed thief,,FALSE,FALSE,,a male armed thief,"stickup man, holdup man",a female armed thief,"stickup woman, holdup woman",,
oewn-10046278-n,"porter, gatekeeper, ostiary, hall porter, door guard, doorkeeper, doorman",someone who guards an entrance,,FALSE,FALSE,,a man who guards an entrance,doorman,a woman who guards an entrance,doorwoman,,
oewn-10741786-n,trainbandsman,a member of a trainband,a male member of a trainband,TRUE,FALSE,,,,,,,Historically exclusively male
oewn-10607013-n,"sheepherder, sheepman, shepherd",a herder of sheep (on an open range); someone who keeps the sheep together in a flock,,FALSE,FALSE,,a male herder of sheep (on an open range); someone who keeps the sheep together in a flock,sheepman,a female herder of sheep (on an open range); someone who keeps the sheep together in a flock,sheepwoman,,
oewn-10201178-n,homeboy,a fellow male member of a youth gang,,TRUE,FALSE,,,,,,,
oewn-10555161-n,"rock climber, cragsman",a climber of vertical rock faces,,FALSE,FALSE,,a male climber of vertical rock faces,cragsman,a female climber of vertical rock faces,cragswoman,,
oewn-10802308-n,wingman,the pilot who positions his aircraft outside and behind (on the wing of) the leader of a flying formation,a pilot who positions his aircraft outside and behind (on the wing of) the leader of a flying formation,FALSE,FALSE,,a male pilot who positions his aircraft outside and behind (on the wing of) the leader of a flying formation,wingman,a female pilot who positions his aircraft outside and behind (on the wing of) the leader of a flying formation,wingwoman,,
oewn-10612800-n,"gun, gunman",a person who shoots a gun (as regards their ability),,FALSE,FALSE,,a male person who shoots a gun (as regards their ability),gunman,a female person who shoots a gun (as regards their ability),gunwoman,gunner,
oewn-10540693-n,"service man, repairman, maintenance man",a skilled worker whose job is to repair things,,FALSE,FALSE,,a male skilled worker whose job is to repair things,"service man, repairman, maintenance man",a female skilled worker whose job is to repair things,"service woman, repairwoman, maintenance woman",servicer,
oewn-09800117-n,aircrewman,a member of an aircrew,,FALSE,FALSE,,a male member of an aircrew,aircrewman,a female member of an aircrew,aircrewwoman,aircrew member,
oewn-10270224-n,"secular, layman, layperson",someone who is not a clergyman or a professional person,,FALSE,FALSE,,a man who is not a clergyman or a professional person,layman,a woman who is not a clergyman or a professional person,laywoman,,
oewn-10168183-n,"groundkeeper, groundskeeper, groundsman",someone who maintains the grounds (of an estate or park or athletic field),,FALSE,FALSE,,a man who maintains the grounds (of an estate or park or athletic field),groundsman,a woman who maintains the grounds (of an estate or park or athletic field),groundswoman,,
oewn-10098586-n,"granger, sodbuster, husbandman, farmer",a person who operates a farm,,FALSE,FALSE,,a male person who operates a farm,husbandman,a female person who operates a farm,husbandwoman,,
oewn-09974358-n,"con artist, con man, confidence man",a swindler who exploits the confidence of his victim,,FALSE,FALSE,,a male swindler who exploits the confidence of his victim,"con man, confidence man",a female swindler who exploits the confidence of his victim,"con woman, confidence woman",,
oewn-09863364-n,"batter, slugger, batsman, hitter",(baseball) a ballplayer who is batting,,FALSE,FALSE,,(baseball) a male ballplayer who is batting,batsman,(baseball) a female ballplayer who is batting,batswoman,,
oewn-10242167-n,"jobber, wholesaler, middleman",someone who buys large quantities of goods and resells to merchants rather than to the ultimate customers,,FALSE,FALSE,,a man who buys large quantities of goods and resells to merchants rather than to the ultimate customers,middleman,a woman who buys large quantities of goods and resells to merchants rather than to the ultimate customers,middlewoman,,
oewn-10341290-n,Minuteman,an American militiaman prior to and during the American Revolution,,TRUE,FALSE,,,,,,,Historically male
oewn-09951887-n,coalman,someone who delivers coal,,FALSE,FALSE,,a man who delivers coal,coalman,a woman who delivers coal,coalwoman,coal seller,
oewn-10290474-n,longbowman,a medieval English archer who used a longbow,,FALSE,FALSE,,a male medieval English archer who used a longbow,longbowman,,,,Female unattested
oewn-10337158-n,"MP, military policeman",a member of the military police who polices soldiers and guards prisoners,,FALSE,FALSE,,a male member of the military police who polices soldiers and guards prisoners,military policeman,a female member of the military police who polices soldiers and guards prisoners,military policewoman,military police officer,
oewn-10359063-n,"muscle, muscleman",a bully employed as a thug or bodyguard,,FALSE,FALSE,,a male bully employed as a thug or bodyguard,muscleman,a female bully employed as a thug or bodyguard,"musclewoman, muscle woman",,
oewn-09868183-n,"bellboy, bellhop, bellman",someone employed as an errand boy and luggage carrier around hotels,,FALSE,FALSE,,a man employed as an errand boy and luggage carrier around hotels,"bellman, bellboy",a woman employed as an errand boy and luggage carrier around hotels,"bellwoman, bellgirl",,
oewn-10076527-n,"corner man, end man",a man at one end of line of performers in a minstrel show; carries on humorous dialogue with the interlocutor,,TRUE,FALSE,,,,,,,Female unattested and definition is male
oewn-10613153-n,"impresario, showman, promoter",a sponsor who books and stages public entertainments,,FALSE,FALSE,,a male sponsor who books and stages public entertainments,showman,a female sponsor who books and stages public entertainments,showwoman,,
oewn-10748276-n,tribesman,someone who lives in a tribe,,FALSE,FALSE,,a man who lives in a tribe,tribesman,a woman who lives in a tribe,tribeswoman,tribesperson,
oewn-10494882-n,"printer, pressman",someone whose occupation is printing,,FALSE,FALSE,,a man whose occupation is printing,pressman,a woman whose occupation is printing,presswoman,,
oewn-10189389-n,"steerer, steersman, helmsman",the person who steers a ship,a person who steers a ship,FALSE,FALSE,,a man who steers a ship,"steersman, helmsman",a woman who steers a ship,"steerswoman, helmswoman",,
oewn-09831257-n,"gunner, artilleryman, cannoneer, machine gunner",a serviceman in the artillery,,FALSE,FALSE,,a male serviceman in the artillery,artilleryman,a female serviceman in the artillery,artillerywoman,,
oewn-10809832-n,"woodman, woodsman, woodworker",makes things out of wood,someone who makes things out of wood,FALSE,FALSE,,a man who makes things out of wood,"woodman, woodsman",a woman who makes things out of wood,woodswoman,,
oewn-10518136-n,"quarrier, quarryman",a man who works in a quarry, ,TRUE,FALSE,,,,,,,
oewn-10112257-n,"first baseman, first sacker",(baseball) the person who plays first base,,FALSE,FALSE,,(baseball) a man who plays first base,first baseman,(baseball) a woman who plays first base,first basewoman,,
oewn-09943653-n,city man,a financier who works in one of the banks in the City of London,,FALSE,FALSE,,a male financier who works in one of the banks in the City of London,city man,a female financier who works in one of the banks in the City of London,city woman,city financier,
oewn-09882251-n,"bodybuilder, muscle builder, muscle-builder, musclebuilder, muscleman",someone who does special exercises to develop a brawny musculature,,FALSE,FALSE,,a man who does special exercises to develop a brawny musculature,muscleman,a woman who does special exercises to develop a brawny musculature,musclewoman,,
oewn-10577282-n,"scholar, scholarly person, bookman",a learned person; someone who by long study has gained mastery in one or more disciplines,,FALSE,FALSE,,a male learned person; someone who by long study has gained mastery in one or more disciplines,bookman,a female learned person; someone who by long study has gained mastery in one or more disciplines,bookwoman,,
oewn-09995160-n,craftsman,a professional whose work is consistently of high quality,,FALSE,FALSE,,a male professional whose work is consistently of high quality,craftsman,a female professional whose work is consistently of high quality,craftswoman,craftsperson,
oewn-10663740-n,"groom, stableboy, stableman, ostler, hostler",someone employed in a stable to take care of the horses,,FALSE,FALSE,,a man employed in a stable to take care of the horses,"stableman, stableboy",a woman employed in a stable to take care of the horses,"stablewoman, stablegirl",,
oewn-09881352-n,"boater, boatman, waterman",someone who drives or rides in a boat,,FALSE,FALSE,,a man who drives or rides in a boat,"boatman, waterman",a woman who drives or rides in a boat,"boatwoman, waterwoman",,
oewn-10587628-n,"second baseman, second sacker",(baseball) the person who plays second base,,FALSE,FALSE,,(baseball) a man who plays second base,second baseman,(baseball) a woman who plays second base,second basewoman,,
oewn-09799988-n,"aircraftman, aircraftsman",a noncommissioned officer in the British Royal Air Force,,FALSE,FALSE,,a male noncommissioned officer in the British Royal Air Force,"aircraftman, aircraftsman",a female noncommissioned officer in the British Royal Air Force,"aircraftwoman, aircraftswoman",aircraft officer,
oewn-10133352-n,"straw man, strawman, figurehead, front, front man, nominal head",a person used as a cover for some questionable activity,,FALSE,FALSE,,a male person used as a cover for some questionable activity,"straw man, strawman, front man",a female person used as a cover for some questionable activity,"straw woman, strawwoman, front woman",,
oewn-10205969-n,"horticulturist, plantsman",an expert in the science of cultivating plants (fruit or flowers or vegetables or ornamental plants),,FALSE,FALSE,,a male expert in the science of cultivating plants (fruit or flowers or vegetables or ornamental plants),plantsman,a female expert in the science of cultivating plants (fruit or flowers or vegetables or ornamental plants),plantswoman,,
oewn-10265038-n,"landlubber, landsman, lubber",an inexperienced sailor; a sailor on the first voyage,,FALSE,FALSE,,a male inexperienced sailor; a sailor on the first voyage,landsman,a female inexperienced sailor; a sailor on the first voyage,landswoman,,
oewn-10109789-n,"financier, moneyman",a person skilled in large scale financial transactions,,FALSE,FALSE,,a male person skilled in large scale financial transactions,moneyman,a female person skilled in large scale financial transactions,moneywoman,,
oewn-10701616-n,"swagger, swaggie, swagman",an itinerant Australian laborer who carries his personal belongings in a bundle as he travels around in search of work,,FALSE,FALSE,,a male itinerant Australian laborer who carries his personal belongings in a bundle as he travels around in search of work,swagman,a female itinerant Australian laborer who carries his personal belongings in a bundle as he travels around in search of work,swagwoman,,
oewn-10716631-n,"Ted, Teddy boy",a tough youth of 1950's and 1960's wearing Edwardian style clothes,,FALSE,FALSE,,a male tough youth of 1950's and 1960's wearing Edwardian style clothes,Teddy boy,a female tough youth of 1950's and 1960's wearing Edwardian style clothes,Teddy girl,,
oewn-10732903-n,T-man,a special law-enforcement agent of the United States Treasury,,FALSE,FALSE,,a male special law-enforcement agent of the United States Treasury,T-man,a female special law-enforcement agent of the United States Treasury,T-woman,treasury agent,
oewn-10467639-n,point man,a soldier who goes ahead of a patrol,,FALSE,FALSE,,a male soldier who goes ahead of a patrol,point man,a female soldier who goes ahead of a patrol,point woman,point person,
oewn-10402793-n,organization man,an employee who sacrifices his own individuality for the good of an organization,,FALSE,FALSE,,a male employee who sacrifices his own individuality for the good of an organization,organization man,,,,merge with company man/woman?
oewn-09856847-n,bandsman,a player in a band (especially a military band),,FALSE,FALSE,,a male player in a band (especially a military band),bandsman,a female player in a band (especially a military band),bandswoman,band player,
oewn-10311713-n,"rich man, wealthy man, man of means",a man who is wealthy,a person who is wealthy,FALSE,FALSE,,a man who is wealthy,"rich man, wealthy man",a woman who is wealthy,"rich woman, wealthy woman",,
oewn-09943771-n,"city boy, city slicker",a city dweller with sophisticated manners and clothing,,FALSE,FALSE,,a male city dweller with sophisticated manners and clothing,city boy,a female city dweller with sophisticated manners and clothing,city girl,,
oewn-10791760-n,"weather forecaster, weatherman",predicts the weather,someone who predicts the weather,FALSE,FALSE,,a man who predicts the weather,weatherman,a woman who predicts the weather,weatherwoman,,
oewn-10281085-n,"bargee, bargeman, lighterman",someone who operates a barge,,FALSE,FALSE,,a man who operates a barge,"bargeman, lighterman",a woman who operates a barge,"bargewoman, lighterwoman",,
oewn-10167369-n,grocery boy,a delivery boy for groceries,,FALSE,TRUE,,,,,,,
oewn-10079131-n,"otolaryngologist, otorhinolaryngologist, rhinolaryngologist, ENT man, ear-nose-and-throat doctor",a specialist in the disorders of the ear or nose or throat,,FALSE,FALSE,,a male specialist in the disorders of the ear or nose or throat,ENT man,a female specialist in the disorders of the ear or nose or throat,ENT woman,,
oewn-10265204-n,"landlubber, landman, landsman",a person who lives and works on land,,FALSE,FALSE,,a male person who lives and works on land,"landman, landsman",a female person who lives and works on land,"landwoman, landswoman",,
oewn-10595149-n,"seedman, seedsman",a dealer in seeds,,FALSE,FALSE,,a male dealer in seeds,"seedman, seedsman",a female dealer in seeds,"seedwoman, seedswoman",seed seller,
oewn-10134928-n,fugleman,a leader and organizer and spokesman (especially a political leader),,FALSE,FALSE,,a male leader and organizer and spokesman (especially a political leader),fugleman,a female leader and organizer and spokesman (especially a political leader),fuglewoman,,No gender neutral term?
oewn-10076419-n,end man,a man at one end of a row of people,,TRUE,FALSE,,,,,,,
oewn-10353551-n,"speed cop, motorcycle cop, motorcycle policeman",a policeman who rides a motorcycle (and who checks the speeds of motorists),,FALSE,FALSE,,a male policeman who rides a motorcycle (and who checks the speeds of motorists),motorcycle policeman,a female policeman who rides a motorcycle (and who checks the speeds of motorists),motorcycle policewoman,,
oewn-10762654-n,utility man,a baseball player valued for the ability to play at several positions,,FALSE,FALSE,,a male baseball player valued for the ability to play at several positions,utility man,a female baseball player valued for the ability to play at several positions,utility woman,utility player,
oewn-09994178-n,"journeyman, artificer, artisan, craftsman",a skilled worker who practices some trade or handicraft,,FALSE,FALSE,,a male skilled worker who practices some trade or handicraft,"journeyman, craftsman",a female skilled worker who practices some trade or handicraft,"journeywoman, craftswoman",,
oewn-10416607-n,paperboy,a boy who sells or delivers newspapers,,FALSE,TRUE,,,,,,,
oewn-10397093-n,ombudsman,a government appointee who investigates complaints by private persons against the government,,FALSE,FALSE,,a male government appointee who investigates complaints by private persons against the government,ombudsman,a female government appointee who investigates complaints by private persons against the government,ombudswoman,ombudsperson,
oewn-10106152-n,"fielder, fieldsman",a member of the cricket team that is fielding rather than batting,,FALSE,FALSE,,a male member of the cricket team that is fielding rather than batting,fieldsman,a female member of the cricket team that is fielding rather than batting,fieldswoman,,
oewn-10550252-n,rifleman,someone skilled in the use of a rifle,,FALSE,FALSE,,a man skilled in the use of a rifle,rifleman,a woman skilled in the use of a rifle,riflewoman,rifler,
oewn-09892601-n,brakeman,a railroad employee responsible for a train's brakes,,FALSE,FALSE,,a male railroad employee responsible for a train's brakes,brakeman,a female railroad employee responsible for a train's brakes,brakewoman,brake worker,
oewn-10039277-n,"diver, underwater diver, frogman",someone who works underwater,,FALSE,FALSE,,a man who works underwater,frogman,a woman who works underwater,frogwoman,,
oewn-10378021-n,night watchman,a watchman who works during the night,,FALSE,FALSE,,a male watchman who works during the night,night watchman,a female watchman who works during the night,night watchwoman,night watcher,
oewn-10115433-n,"flatfoot, patrolman",a policeman who patrols a given region,,FALSE,FALSE,,a male policeman who patrols a given region,patrolman,a female policeman who patrols a given region,patrolwoman,,
oewn-10566407-n,"saint, holy man, holy person, angel",person of exceptional holiness,a person of exceptional holiness,FALSE,FALSE,,a man of exceptional holiness,holy man,a woman of exceptional holiness,holy woman,,
oewn-10674608-n,"stevedore, dock worker, dock-walloper, docker, dockhand, dockworker, loader, longshoreman, lumper",a laborer who loads and unloads vessels in a port,,FALSE,FALSE,,a male laborer who loads and unloads vessels in a port,longshoreman,a female laborer who loads and unloads vessels in a port,longshorewoman,,
oewn-10602198-n,"man, military personnel, serviceman, military man",someone who serves in the armed forces; a member of a military force,,FALSE,FALSE,,a man who serves in the armed forces; a member of a military force,"man, serviceman, military man",a woman who serves in the armed forces; a member of a military force,"woman, servicewoman, military woman",,
,"dairy farmer, dairyman",the owner or manager of a dairy,an owner or manager of a dairy,FALSE,FALSE,,a male owner or manager of a dairy,dairyman,a female owner or manager of a dairy,dairywoman,,
oewn-09956514-n,"college boy, college man, collegian",a student (or former student) at a college or university,,FALSE,FALSE,,a male student (or former student) at a college or university,"college man, college boy",,,,college girl already exists
oewn-09965916-n,company man,an employee whose first loyalty is to the company rather than to fellow workers,,FALSE,FALSE,,a male employee whose first loyalty is to the company rather than to fellow workers,company man,a female employee whose first loyalty is to the company rather than to fellow workers,company woman,company person,
oewn-10183493-n,head linesman,a football official in charge of recording yardage gained or lost,,FALSE,FALSE,,a male football official in charge of recording yardage gained or lost,head linesman,a female football official in charge of recording yardage gained or lost,head lineswoman,head linesperson,
oewn-10822446-n,yardman,a laborer hired to do outdoor work (such as mowing lawns),,FALSE,FALSE,,a male laborer hired to do outdoor work (such as mowing lawns),yardman,a female laborer hired to do outdoor work (such as mowing lawns),yardwoman,yard worker,
oewn-10769021-n,"vet, veteran, ex-serviceman",a person who has served in the armed forces,,FALSE,FALSE,,a male person who has served in the armed forces,ex-serviceman,a female person who has served in the armed forces,ex-servicewoman,,
oewn-10341412-n,"miracle man, miracle worker",a person who claims or is alleged to perform miracles,,FALSE,FALSE,,a male person who claims or is alleged to perform miracles,miracle man,a female person who claims or is alleged to perform miracles,miracle woman,,
oewn-09850005-n,"backroom boy, brain truster",an expert adviser involved in making important decisions but usually lacking official status,,FALSE,FALSE,,a male expert adviser involved in making important decisions but usually lacking official status,backroom boy,a female expert adviser involved in making important decisions but usually lacking official status,backroom girl,,
oewn-09775831-n,"able seaman, able-bodied seaman",a seaman in the merchant marine; trained in special skills,a sailor in the merchant marine; trained in special skills,FALSE,FALSE,,a seaman in the merchant marine; trained in special skills,"able seaman, able-bodied seaman",a female sailor in the merchant marine; trained in special skills,"able seawoman, able-bodied seawoman",able-bodied sailor,
oewn-10136924-n,"gagman, gagster, gagwriter",someone who writes comic material for public performers,,FALSE,FALSE,,a man who writes comic material for public performers,gagman,a woman who writes comic material for public performers,gagwoman,,
oewn-10801360-n,"feral man, wild man",a person who is not socialized,,FALSE,FALSE,,a male person who is not socialized,"feral man, wild man",a female person who is not socialized,"feral woman, wild woman",feral person,
oewn-10483744-n,"sermoniser, sermonizer, preacher, preacher man",someone whose occupation is preaching the gospel,,FALSE,FALSE,,a man whose occupation is preaching the gospel,preacher man,a woman whose occupation is preaching the gospel,preacher woman,,
oewn-10607214-n,sheepman,a man who raises (or tends) sheep,,TRUE,FALSE,,,,,,,
oewn-10739341-n,townsman,a person from the same town as yourself,,FALSE,FALSE,,a male person from the same town as yourself,townsman,a female person from the same town as yourself,townswoman,townie,
oewn-10680322-n,"second banana, straight man",a performer who acts as stooge to a comedian,,FALSE,FALSE,,a male performer who acts as stooge to a comedian,straight man,a female performer who acts as stooge to a comedian,straight woman,,
oewn-10550684-n,"right-hand man, chief assistant, man Friday",the most helpful assistant,,FALSE,FALSE,,the most helpful male assistant,"right-hand man, man Friday",the most helpful female assistant,right-hand woman,,
oewn-09852122-n,bagman,a racketeer assigned to collect or distribute payoff money,,FALSE,FALSE,,a male racketeer assigned to collect or distribute payoff money,bagman,a female racketeer assigned to collect or distribute payoff money,bagwoman,,No gender neutral tem
oewn-10594533-n,"seducer, ladies' man, lady killer",a man who takes advantage of women,,TRUE,FALSE,,,,,,,
oewn-09939148-n,choirboy,a boy who sings in a choir,,FALSE,TRUE,,,,a girl who sings in a choir,choirgirl,,Hypernym = girl
oewn-10337542-n,milkman,someone who delivers milk,,FALSE,FALSE,,a man who delivers milk,milkman,a woman who delivers milk,milkwoman,milk delivery person,
oewn-10616499-n,signalman,a railroad employee in charge of signals and point in a railroad yard,,FALSE,FALSE,,a male railroad employee in charge of signals and point in a railroad yard,signalman,a female railroad employee in charge of signals and point in a railroad yard,signalwoman,signal worker,
oewn-09905221-n,cabin boy,a young man acting as a servant on a ship,,TRUE,FALSE,,,,a young woman acting as a servant on a ship,cabin girl,,
oewn-10560292-n,roundsman,a worker employed to make rounds (to deliver goods or make inspections or so on),,FALSE,FALSE,,a male worker employed to make rounds (to deliver goods or make inspections or so on),roundsman,a female worker employed to make rounds (to deliver goods or make inspections or so on),roundswoman,roundsperson,
oewn-09805332-n,altar boy,a boy serving as an acolyte,,FALSE,TRUE,,,,a girl serving as an acolyte,altar girl,,hypernym = girl
oewn-10288119-n,liveryman,a worker in a livery stable,,FALSE,FALSE,,a male worker in a livery stable,liveryman,a female worker in a livery stable,liverywoman,livery worker,
oewn-10306552-n,"maltman, maltster",a maker of malt,,FALSE,FALSE,,a male maker of malt,maltman,a female maker of malt,maltwoman,,
oewn-09928136-n,chapman,archaic term for an itinerant peddler,an itinerant peddler,FALSE,FALSE,,a male itinerant peddler,chapman,a female itinerant peddler,chapwoman,,"exemplifies archaism, no gender neutral"
oewn-10823295-n,"yeoman, yeoman of the guard, beefeater",officer in the (ceremonial) bodyguard of the British monarch,,TRUE,FALSE,,,,,,,
oewn-10456781-n,"placeman, placeseeker",a disparaging term for an appointee,,FALSE,FALSE,,a disparaging term for a male appointee,placeman,a disparaging term for a female appointee,placewoman,,
oewn-10712548-n,"internal revenue agent, tax collector, taxman, collector of internal revenue, exciseman",someone who collects taxes for the government,,FALSE,FALSE,,a man who collects taxes for the government,"taxman, exciseman",a woman who collects taxes for the government,"taxwoman, excisewoman",,
oewn-09863124-n,batman,an orderly assigned to serve a British military officer,,FALSE,FALSE,,a male orderly assigned to serve a British military officer,batman,a female orderly assigned to serve a British military officer,batwoman,,gender neutral not attested
oewn-10684629-n,strongman,a man who performs feats of strength at a fair or circus,,TRUE,FALSE,,,,,,,
oewn-09749546-n,"Scandinavian, Norse, Northman",an inhabitant of Scandinavia,,FALSE,FALSE,,a male inhabitant of Scandinavia,Northman,a female inhabitant of Scandinavia,Northwoman,,
oewn-10183618-n,"headman, tribal chief, chief, chieftain",the head of a tribe or clan,a head of a tribe or clan,FALSE,FALSE,,a male head of a tribe or clan,headman,a female head of a tribe or clan,headwoman,,
oewn-10153370-n,"G-man, government man, FBI agent",a special law-enforcement agent of the Federal Bureau of Investigation,,FALSE,FALSE,,a male special law-enforcement agent of the Federal Bureau of Investigation,"G-man, government man",a female special law-enforcement agent of the Federal Bureau of Investigation,"G-woman, government woman",,
oewn-10007849-n,dairyman,a man who works in a dairy,,TRUE,FALSE,,,,a woman who works in a dairy,dairywoman,,
oewn-09878963-n,"blaster, chargeman",a workman employed to blast with explosives,,FALSE,FALSE,,a male workman employed to blast with explosives,chargeman,a female workman employed to blast with explosives,chargewoman,,
oewn-10480626-n,"poulterer, poultryman",a dealer in poultry and poultry products,,FALSE,FALSE,,a male dealer in poultry and poultry products,poultryman,a female dealer in poultry and poultry products,poultrywoman,,
oewn-09886717-n,border patrolman,someone who patrols the borders of a country,,FALSE,FALSE,,a man who patrols the borders of a country,border patrolman,a woman who patrols the borders of a country,border patrolwoman,border patroller,
oewn-10240156-n,"jazz musician, jazzman",a musician who plays or composes jazz music,,FALSE,FALSE,,a male musician who plays or composes jazz music,jazzman,a female musician who plays or composes jazz music,jazzwoman,,
oewn-10765000-n,"man, gentleman, gentleman's gentleman, valet, valet de chambre",a manservant who acts as a personal attendant to his employer,,TRUE,FALSE,,,,,,,
oewn-09903961-n,"butler, pantryman",a manservant (usually the head servant of a household) who has charge of wines and the table,a servant (usually the head servant of a household) who has charge of wines and the table,FALSE,FALSE,,a manservant (usually the head servant of a household) who has charge of wines and the table,pantryman,a female servant (usually the head servant of a household) who has charge of wines and the table,pantrywoman,,womanservant? [EDIT: Not attested in CoCA]
oewn-10658867-n,sporting man,someone who leads a merry existence; especially a gambler on the outcome of sporting events,a man who leads a merry existence; especially a gambler on the outcome of sporting events,TRUE,FALSE,,,,,,,
oewn-10459494-n,"playboy, Corinthian, man-about-town",a man devoted to the pursuit of pleasure,,TRUE,FALSE,,,,,,,
oewn-10283277-n,lineman,the surveyor who marks positions with a range pole,a surveyor who marks positions with a range pole,FALSE,FALSE,,a male surveyor who marks positions with a range pole,lineman,a female surveyor who marks positions with a range pole,linewoman,line surveyor,
oewn-10569647-n,sandboy,a young peddler of sand; used now only to express great happiness in ‘happy as a sandboy’,a young male peddler of sand; used now only to express great happiness in ‘happy as a sandboy’,FALSE,TRUE,,,,,,,
oewn-10216023-n,iceman,someone who cuts and delivers ice,,FALSE,FALSE,,a man who cuts and delivers ice,iceman,a woman who cuts and delivers ice,icewoman,ice seller,
oewn-10139987-n,"garbage carter, garbage collector, garbage hauler, garbage man, garbageman, dustman, refuse collector",someone employed to collect and dispose of refuse,,FALSE,FALSE,,a man employed to collect and dispose of refuse,"garbage man, garbageman, dustman",a woman employed to collect and dispose of refuse,"garbage woman, garbagewoman, dustwoman",,
oewn-10137072-n,"gagman, standup comedian",a comedian who uses gags,,FALSE,FALSE,,a male comedian who uses gags,gagman,a female comedian who uses gags,gagwoman,,
oewn-09979596-n,"contact, middleman",a person who is in a position to give you special assistance,,FALSE,FALSE,,a male person who is in a position to give you special assistance,middleman,a female person who is in a position to give you special assistance,middlewoman,,
oewn-10789977-n,"water boy, waterer",an assistant who supplies drinking water,,FALSE,FALSE,,a male assistant who supplies drinking water,water boy,a female assistant who supplies drinking water,water girl,,
oewn-10489196-n,"PR man, press agent, public relations man, publicity man",someone employed to arrange publicity (for a firm or a public figure),,FALSE,FALSE,,a man employed to arrange publicity (for a firm or a public figure),"PR man, public relations man, publicity man",a woman employed to arrange publicity (for a firm or a public figure),"PR woman, public relations woman, publicity woman",,
oewn-10184590-n,"headman, headsman",an executioner who beheads the condemned person,,FALSE,FALSE,,a male executioner who beheads the condemned person,"headman, headsman",a female executioner who beheads the condemned person,headswoman,,Gender neutral unattested
oewn-10565619-n,"safebreaker, safecracker, cracksman",a thief who breaks open safes to steal valuable contents,,FALSE,FALSE,,a male thief who breaks open safes to steal valuable contents,cracksman,a female thief who breaks open safes to steal valuable contents,crackswoman,,Female form may be attested
oewn-09947594-n,"divine, churchman, cleric, ecclesiastic",a clergyman or other person in religious orders,,FALSE,FALSE,,a male clergyman or other person in religious orders,churchman,a female clergyman or other person in religious orders,churchwoman,,
oewn-09880801-n,"sailor, sailor boy, bluejacket, navy man",a serviceman in the navy,,FALSE,FALSE,,a male serviceman in the navy,"navy man, sailor boy",a female serviceman in the navy,"navy woman, sailor girl",,
oewn-09996708-n,"crew member, crewman",a member of a flight crew,,FALSE,FALSE,,a male member of a flight crew,crewman,a female member of a flight crew,crewwoman,,
oewn-10196310-n,"hand, hired hand, hired man",a hired laborer on a farm or ranch,,FALSE,FALSE,,a male hired laborer on a farm or ranch,hired man,a female hired laborer on a farm or ranch,hired woman,,
oewn-09952246-n,coastguardsman,a member of a coastguard,,FALSE,FALSE,,a male member of a coastguard,coastguardsman,a female member of a coastguard,coastguardswoman,coastguard,
oewn-10230706-n,"interlocutor, middleman",the performer in the middle of a minstrel line who engages the others in talk,a performer in the middle of a minstrel line who engages the others in talk,FALSE,FALSE,,a male performer in the middle of a minstrel line who engages the others in talk,middleman,a female performer in the middle of a minstrel line who engages the others in talk,middlewoman,,
oewn-10742407-n,"trainman, railroad man, railroader, railway man, railwayman",an employee of a railroad,,FALSE,FALSE,,a male employee of a railroad,"trainman, railroad man, railway man, railwayman",a female employee of a railroad,"trainwoman, railroad woman, railway woman, railwaywoman",,
oewn-10113427-n,"fisher, fisherman",someone whose occupation is catching fish,,FALSE,FALSE,,a man whose occupation is catching fish,fisherman,a woman whose occupation is catching fish,fisherwoman,,
oewn-09900985-n,bushman,a dweller in the Australian bush country,,FALSE,FALSE,,a male dweller in the Australian bush country,bushman,a female dweller in the Australian bush country,bushwoman,bushperson,
oewn-10532713-n,"redact, redactor, reviser, rewrite man, rewriter",someone who puts text into appropriate form for publication,,FALSE,FALSE,,a man who puts text into appropriate form for publication,rewrite man,a woman who puts text into appropriate form for publication,rewrite woman,,
oewn-09914932-n,career man,a man who is a careerist,,TRUE,FALSE,,,,a woman who is a careerist,career woman,,
oewn-10224540-n,"infantryman, foot soldier, footslogger, marcher",fights on foot with small arms,someone who fights on foot with small arms,FALSE,FALSE,,a man who fights on foot with small arms,infantryman,a woman who fights on foot with small arms,infantrywoman,,
oewn-10773007-n,"vigilance man, vigilante",member of a vigilance committee,,FALSE,FALSE,,a male member of a vigilance committee,vigilance man,a female member of a vigilance committee,vigilance woman,,
oewn-09922184-n,"troglodyte, cave dweller, cave man, caveman",someone who lives in a cave,,FALSE,FALSE,,a man who lives in a cave,"cave man, caveman",a woman who lives in a cave,"cave woman, cavewoman",,
oewn-09996612-n,crewman,a member of a work crew,,FALSE,FALSE,,a male member of a work crew,crewman,a female member of a work crew,crewwoman,crew member,
oewn-09862831-n,bat boy,(baseball) a boy who takes care of bats and other baseball equipment,,FALSE,TRUE,,,,,,,
oewn-10308837-n,man,a male subordinate,,TRUE,FALSE,,,,,,,
oewn-09781176-n,"registered representative, account executive, account representative, customer's broker, customer's man",someone in charge of a client's account for an advertising agency or brokerage or other service business,,FALSE,FALSE,,a man in charge of a client's account for an advertising agency or brokerage or other service business,customer's man,a woman in charge of a client's account for an advertising agency or brokerage or other service business,customer's woman,,
oewn-09899082-n,bullyboy,a swaggering tough; usually one acting as an agent of a political faction,,FALSE,FALSE,09899018-n,a male swaggering tough; usually one acting as an agent of a political faction,bullyboy,a female swaggering tough; usually one acting as an agent of a political faction,bullygirl,,"If creating both genders and hypernym, delete this synset"
oewn-10615756-n,sidesman,(Church of England) an assistant to the churchwarden; collects offerings of money in the church,,FALSE,FALSE,,(Church of England) a male assistant to the churchwarden; collects offerings of money in the church,sidesman,(Church of England) a female assistant to the churchwarden; collects offerings of money in the church,sideswoman,,no gender neutral
oewn-10593869-n,section man,someone who teaches a section of a large college course,,FALSE,FALSE,,a man who teaches a section of a large college course,section man,a woman who teaches a section of a large college course,section woman,"section instructor, section teacher",
oewn-09801838-n,alderman,a member of a municipal legislative body (as a city council),,FALSE,FALSE,,a male member of a municipal legislative body (as a city council),alderman,a female member of a municipal legislative body (as a city council),alderwoman,alderperson,
oewn-10236360-n,"ironmonger, hardwareman",someone who sells hardware,,FALSE,FALSE,,a man who sells hardware,hardwareman,a woman who sells hardware,hardware woman,,
oewn-10453501-n,"pandar, pander, panderer, pimp, ponce, procurer, fancy man",someone who procures customers for whores (in England they call a pimp a ponce),,FALSE,FALSE,,a man who procures customers for whores (in England they call a pimp a ponce),fancy man,,,,female not attested
oewn-10068420-n,elder statesman,any influential person whose advice is highly respected,,FALSE,FALSE,,a man whose advice is highly respected,elder statesman,a woman whose advice is highly respected,elder stateswoman,,
oewn-10178882-n,"odd-job man, handyman, jack of all trades",a man skilled in various odd jobs and other small tasks,,TRUE,FALSE,,,,a woman skilled in various odd jobs and other small tasks,"odd-job woman, handywoman",,
oewn-09917055-n,"carrier, newsboy",a boy who delivers newspapers,,FALSE,TRUE,,,,,,,
oewn-10288775-n,"lockkeeper, lockman, lockmaster",a worker in charge of a lock (on a canal),,FALSE,FALSE,,a male worker in charge of a lock (on a canal),lockman,,,,female not attested
oewn-10181460-n,"hatchet man, enforcer",one whose job it is to execute unpleasant tasks for a superior,,FALSE,FALSE,,a man whose job it is to execute unpleasant tasks for a superior,hatchet man,a woman whose job it is to execute unpleasant tasks for a superior,hatchet woman,,
oewn-10104986-n,"swordsman, fencer",someone skilled at fencing,,FALSE,FALSE,,a man skilled at fencing,swordsman,a woman skilled at fencing,swordswoman,,
oewn-10646919-n,soundman,a technician in charge of amplifying sound or producing sound effects (as for a TV or radio broadcast),,FALSE,FALSE,,a male technician in charge of amplifying sound or producing sound effects (as for a TV or radio broadcast),soundman,a female technician in charge of amplifying sound or producing sound effects (as for a TV or radio broadcast),soundwoman,sound technician,
oewn-10075655-n,"opposition, enemy, foe, foeman",an armed adversary (especially a member of an opposing military force),,FALSE,FALSE,,a male armed adversary (especially a member of an opposing military force),foeman,,,,
oewn-10734333-n,"toll agent, toll collector, toll taker, toller, tollgatherer, tollkeeper, tollman",someone employed to collect tolls,,FALSE,FALSE,,a man employed to collect tolls,tollman,a woman employed to collect tolls,tollwoman,,
oewn-10337375-n,militiaman,a member of the militia; serves only during emergencies,,FALSE,FALSE,,a male member of the militia; serves only during emergencies,militiaman,a female member of the militia; serves only during emergencies,militiawoman,,
oewn-10803410-n,"wireman, wirer",a worker who installs and repairs electric wiring,,FALSE,FALSE,,a male worker who installs and repairs electric wiring,wireman,a female worker who installs and repairs electric wiring,wirewoman,,
oewn-09778642-n,"schoolman, academician",a scholar who is skilled in academic disputation,,FALSE,FALSE,,a male scholar who is skilled in academic disputation,schoolman,a female scholar who is skilled in academic disputation,schoolwoman,,
oewn-10391029-n,office boy,a young man who is employed to do odd jobs in a business office,,FALSE,TRUE,,,,,,,
oewn-09837427-n,"spaceman, astronaut, cosmonaut",a person trained to travel in a spacecraft,,FALSE,FALSE,,a male person trained to travel in a spacecraft,spaceman,a female person trained to travel in a spacecraft,spacewoman,,
oewn-10098113-n,"paramour, fancy man",a woman's lover,,FALSE,FALSE,,a male woman's lover,fancy man,,,,
oewn-09732504-n,"Hollander, Dutchman, Netherlander",a native or inhabitant of Holland,,FALSE,FALSE,,a male native or inhabitant of Holland,Dutchman,a female native or inhabitant of Holland,Dutchwoman,,
oewn-10766249-n,"feudatory, liege, liege subject, liegeman, vassal",a person holding a fief; a person who owes allegiance and service to a feudal lord,,FALSE,FALSE,,a male person holding a fief; a person who owes allegiance and service to a feudal lord,liegeman,a female person holding a fief; a person who owes allegiance and service to a feudal lord,liegewoman,,
oewn-10068293-n,elder statesman,an elderly statesman whose advice is sought be government leaders,,TRUE,FALSE,,,,a elderly stateswoman whose advice is sought be government leaders,elder stateswoman,,
oewn-10810861-n,"working man, working person, workingman, workman",an employee who performs manual or industrial labor,,FALSE,FALSE,,a male employee who performs manual or industrial labor,"working man, workingman, workman",a female employee who performs manual or industrial labor,"working woman, workingwoman, workwoman",,
oewn-10684445-n,strongman,a powerful political figure who rules by the exercise of force or violence,,FALSE,FALSE,,a male powerful political figure who rules by the exercise of force or violence,strongman,a female powerful political figure who rules by the exercise of force or violence,strongwoman,,No gender neutral
oewn-10553431-n,"road mender, roadman",a workman who is employed to repair roads,,FALSE,FALSE,,a male workman who is employed to repair roads,roadman,a female workman who is employed to repair roads,roadwoman,,
oewn-10356617-n,muffin man,formerly an itinerant peddler of muffins,formerly an itinerant male peddler of muffins,TRUE,FALSE,,,,,,,
oewn-10812808-n,"grappler, wrestler, matman",combatant who tries to throw opponent to the ground,,FALSE,FALSE,,male combatant who tries to throw opponent to the ground,matman,,,,
oewn-10087600-n,everyman,the ordinary person,,FALSE,FALSE,,,,the ordinary woman,everywoman,,
oewn-10566190-n,"sailor, crewman",any member of a ship's crew,,FALSE,FALSE,,any male member of a ship's crew,crewman,any female member of a ship's crew,crewwoman,,
oewn-09992602-n,"rodeo rider, cowboy",a performer who gives exhibitions of riding and roping and bulldogging,,FALSE,FALSE,,a male performer who gives exhibitions of riding and roping and bulldogging,cowboy,a female performer who gives exhibitions of riding and roping and bulldogging,cowgirl,,
oewn-10205301-n,"horse fancier, horseman",a person who breeds and cares for horses,,FALSE,FALSE,,a male person who breeds and cares for horses,horseman,a female person who breeds and cares for horses,horsewoman,,
oewn-10283628-n,linesman,"official (in tennis, soccer, football, etc.) who assists the referee in some way (especially by watching for out of bounds or offside)",,FALSE,FALSE,,"male official (in tennis, soccer, football, etc.) who assists the referee in some way (especially by watching for out of bounds or offside)",linesman,"female official (in tennis, soccer, football, etc.) who assists the referee in some way (especially by watching for out of bounds or offside)",lineswoman,"lines umpire, assistant referee",
oewn-10807040-n,wolf boy,a male person assumed to have been raised by wolves,,TRUE,FALSE,,,,,,,
oewn-10394240-n,oilman,a worker who produces or sells petroleum,,FALSE,FALSE,,a male worker who produces or sells petroleum,oilman,a female worker who produces or sells petroleum,oilwoman,oil worker,
oewn-10550146-n,rifleman,a soldier whose weapon is a rifle,,FALSE,FALSE,,a male soldier whose weapon is a rifle,rifleman,a female soldier whose weapon is a rifle,riflewoman,rifler,
oewn-09921806-n,"trooper, cavalryman",a soldier mounted on horseback,,FALSE,FALSE,,a male soldier mounted on horseback,cavalryman,a female soldier mounted on horseback,cavalrywoman,cavalry soldier,
oewn-10730902-n,timberman,an owner or manager of a company that is engaged in lumbering,a male owner or manager of a company that is engaged in lumbering,TRUE,FALSE,,,,,,,
oewn-09851898-n,baggageman,an attendant who takes care of baggage,,FALSE,FALSE,,a male attendant who takes care of baggage,baggageman,a female attendant who takes care of baggage,baggagewoman,baggage attendant,
oewn-10152508-n,"glutton, gourmand, gourmandizer, trencherman",a person who is devoted to eating and drinking to excess,,FALSE,FALSE,,a male person who is devoted to eating and drinking to excess,trencherman,a female person who is devoted to eating and drinking to excess,trencherwoman,,
oewn-10728625-n,"third baseman, third sacker",(baseball) the person who plays third base,,FALSE,FALSE,,(baseball) a male person who plays third base,third baseman,(baseball) a female person who plays third base,third basewoman,,
oewn-09951966-n,"pitman, coal miner, collier",someone who works in a coal mine,,FALSE,FALSE,,a man who works in a coal mine,pitman,a woman who works in a coal mine,pitwoman,,
oewn-09717733-n,"Chinaman, chink",(ethnic slur) offensive term for a person of Chinese descent,,FALSE,FALSE,,(ethnic slur) offensive term for a man of Chinese descent,Chinaman,(ethnic slur) offensive term for a woman of Chinese descent,Chinawoman,,
oewn-10105218-n,ferryman,a man who operates a ferry,,FALSE,FALSE,,a male man who operates a ferry,ferryman,a female man who operates a ferry,ferrywoman,ferry driver,
oewn-10457357-n,plainclothesman,a detective who wears civilian clothes on duty,,FALSE,FALSE,,a male detective who wears civilian clothes on duty,plainclothesman,a female detective who wears civilian clothes on duty,plainclotheswoman,plain clothes detective,
oewn-89782767-n,first gentleman,the husband of a chief executive,,TRUE,FALSE,,,,,,,
oewn-10069171-n,"lineman, linesman, electrician",a person who installs or repairs electrical or telephone lines,,FALSE,FALSE,,a male person who installs or repairs electrical or telephone lines,"lineman, linesman",a female person who installs or repairs electrical or telephone lines,"linewoman, lineswoman",,
oewn-10762538-n,utility man,a workman expected to serve in any capacity when called on,,FALSE,FALSE,,a male workman expected to serve in any capacity when called on,utility man,a female workman expected to serve in any capacity when called on,utility woman,utility worker,
oewn-10212645-n,"hunter, huntsman",someone who hunts game,,FALSE,FALSE,,a man who hunts game,huntsman,a woman who hunts game,huntswoman,,
oewn-10738916-n,"towner, townsman",a resident of a town or city,,FALSE,FALSE,,a male resident of a town or city,townsman,a female resident of a town or city,townswoman,,
oewn-09987658-n,"barrow-boy, barrow-man, costermonger",a hawker of fruit and vegetables from a barrow,,FALSE,FALSE,,a male hawker of fruit and vegetables from a barrow,"barrow-man, barrow-boy",a female hawker of fruit and vegetables from a barrow,"barrow-woman, barrow-girl",,
oewn-10334361-n,midshipman,a temporary rank held by young naval officers in training,,FALSE,FALSE,,a male temporary rank held by young naval officers in training,midshipman,a female temporary rank held by young naval officers in training,midshipwoman,,no gender neutral
oewn-10048994-n,"draftsman, draftsperson, draughtsman",a skilled worker who draws plans of buildings or machines,,FALSE,FALSE,,a male skilled worker who draws plans of buildings or machines,"draftsman, draughtsman",a female skilled worker who draws plans of buildings or machines,"draftswoman, draughtswoman",,
oewn-09824747-n,"bowman, archer",a person who is expert in the use of a bow and arrow,,FALSE,FALSE,,a male person who is expert in the use of a bow and arrow,bowman,a female person who is expert in the use of a bow and arrow,bowwoman,,
oewn-09908991-n,"camera operator, cameraman, cinematographer",a photographer who operates a movie camera,,FALSE,FALSE,,a male photographer who operates a movie camera,cameraman,a female photographer who operates a movie camera,camerawoman,,
oewn-10613451-n,showman,a person skilled at making effective presentations,,FALSE,FALSE,,a male person skilled at making effective presentations,showman,a female person skilled at making effective presentations,showwoman,showperson,
oewn-10502980-n,"property man, property master, propman",member of the stage crew in charge of properties,,FALSE,FALSE,,male member of the stage crew in charge of properties,"property man, propman",female member of the stage crew in charge of properties,"property woman, propwoman",,
oewn-09951794-n,coachman,a man who drives a coach (or carriage),,TRUE,FALSE,,,,a woman who drives a coach (or carriage),coachwoman,,
oewn-10207609-n,"hosteller, hotel manager, hotelier, hotelkeeper, hotelman",an owner or manager of hotels,,FALSE,FALSE,,a male owner or manager of hotels,hotelman,a female owner or manager of hotels,hotelwoman,,
oewn-10803789-n,"smart aleck, weisenheimer, wise guy, wiseacre, wisenheimer","an upstart who makes conceited, sardonic, insolent comments",,FALSE,FALSE,,"a male upstart who makes conceited, sardonic, insolent comments",wise guy,,,,
oewn-09897417-n,"chum, sidekick, brother, buddy, pal, crony",a close friend who accompanies his buddies in their activities,,FALSE,FALSE,,a close male friend who accompanies his buddies in their activities,brother,,,,
oewn-10586524-n,sea king,a Viking pirate chief,,FALSE,FALSE,,a male Viking pirate chief,sea king,a female Viking pirate chief,sea queen,,
oewn-83226323-n,golf widower,a husband who is left alone much of the time because his wife is playing golf,,TRUE,FALSE,,,,,,,
oewn-09940867-n,"mark, gull, sucker, mug, soft touch, patsy, fall guy, fool, chump",a person who is gullible and easy to take advantage of,,FALSE,FALSE,,a male person who is gullible and easy to take advantage of,fall guy,a female person who is gullible and easy to take advantage of,fall girl,,
oewn-09896590-n,"brother, comrade",used as a term of address for those male persons engaged in the same movement,,TRUE,FALSE,,,,,,,
oewn-10060037-n,Dutch uncle,a counselor who admonishes frankly and sternly,a male counselor who admonishes frankly and sternly,TRUE,FALSE,,,,,,,
oewn-10426650-n,patriarch,title for the heads of the Eastern Orthodox Churches (in Istanbul and Alexandria and Moscow and Jerusalem),,TRUE,FALSE,,,,,,,
oewn-09880059-n,blood brother,a male sworn (usually by a ceremony involving the mingling of blood) to treat another as his brother,,TRUE,FALSE,,,,,,,
oewn-09659757-n,soul brother,a fellow Black man,,TRUE,FALSE,,,,,,,
oewn-89388690-n,king,the husband or widower of a queen,,TRUE,FALSE,,,,,,,
oewn-10737570-n,"tough guy, plug-ugly",someone who bullies weaker people,,FALSE,FALSE,,a man who bullies weaker people,tough guy,,,,
oewn-10724535-n,thane,a man ranking above an ordinary freeman and below a noble in Anglo-Saxon England (especially one who gave military service in exchange for land),,TRUE,FALSE,,,,,,,